filename;tablename;tablelabel_de;tablelabel_fr;tablelabel_en;varnum;clear_name;anon_name;canonical;type;key;varlabel_de;varlabel_fr;varlabel_en;Gültig ab;Gültig bis
1_Administratives.csv;admin;;;;1;JAHR;JAHR;jahr;integer;1;Datenjahr;année des données;;;
1_Administratives.csv;admin;;;;2;ENT_ID;ENT_ID;ent_id;integer;1;Unternehmensnummer ENT-ID;Numéro de l’entreprise ID ENT;;;
1_Administratives.csv;admin;;;;3;UID;UID_BFS;uid;character;0;Unternehmens-Identifikationsnummer UID;Numéro d’identification des entreprises DIE;;;
1_Administratives.csv;admin;;;;4;BURNR_GESV;BURNR_GESV;spital_id;integer;0;BUR-Nummer GESV;Numéro REE GESV;;;
1_Administratives.csv;admin;;;;5;BURNR;BURNR;standort_id;integer;1;Hauptstandort;Site principal;;;
1_Administratives.csv;admin;;;;6;FALL_ID_CH;FALL_ID_CH_ANONYM;fall_id_ch;character;0;Schweizweit eindeutige Fallnummer anonymisiert;Numéro de cas clair pour toute la Suisse anonymisé;;;
1_Administratives.csv;admin;;;;7;FALL_ID;FALL_ID_ANONYM;fall_id_spital;character;1;Eindeutiger Identifikator des Falls anonymisiert;Identificateur unique du cas anonymisé;;;
1_Administratives.csv;admin;;;;8;AHV_ANONYM;AHV_ANONYM;ahv;character;0;AHV Nummer des Patienten anonymisiert;Numéro AVS du patient anonymisé;;;
1_Administratives.csv;admin;;;;9;ABC_FALL;ABC_FALL;abc_fall;spigeschar;0;Kennzeichnung des Statistikfalls;Désignation du cas;;;
1_Administratives.csv;admin;;;;10;GESCHLECHT;GESCHLECHT;geschlecht;spigesint;0;Geschlecht;Sexe;;;
1_Administratives.csv;admin;;;;11;ALTER;ALTER_EINTRITT;alter;integer;0;Alter bei Eintritt;Âge lors de l’admission;;;
1_Administratives.csv;admin;;;;12;ALTER_U1;ALTER_U1;alter_U1;integer;0;Alter in Tagen von Kindern unter 1 Jahr;Âge en jours des enfants de moins d'un an;;;
1_Administratives.csv;admin;;;;13;WOHNORT_MEDSTAT;WOHNORT_MEDSTAT_ANONYM;wohnort_medstat;character;0;Wohnort (Region);Région de domicile;;;
1_Administratives.csv;admin;;;;14;WOHNKANTON;WOHNKANTON;wohnkanton;character;0;Wohnkanton;Canton de domicile;;;
1_Administratives.csv;admin;;;;15;WOHNLAND;WOHNLAND_ANONYM;wohnland;character;0;Wohnland;Pays de résidence;;;
1_Administratives.csv;admin;;;;16;NATIONALITAET;NATIONALITAET_ANONYM;nationalitaet;character;0;Nationalität;Nationalité;;;
1_Administratives.csv;admin;;;;17;EINTRITTSDATUM;EINTRITTSDATUM_ANONYM;eintrittsdatum;character;0;Eintrittsdatum und -Stunde;Date et heure d’admission;;;
1_Administratives.csv;admin;;;;18;EINTRITT_AUFENTHALT;EINTRITT_AUFENTHALT;eintritt_aufenthalt;spigesint;0;Aufenthaltsort vor dem Eintritt;Séjour avant l’admission;;;
1_Administratives.csv;admin;;;;19;EINTRITTSART;EINTRITTSART;eintrittsart;spigesint;0;Eintrittsart;Mode d’admission;;;
1_Administratives.csv;admin;;;;20;EINW_INSTANZ;EINW_INSTANZ;einw_instanz;spigesint;0;Einweisende Instanz;Instance décisionnaire de l’hospitalisation;;;
1_Administratives.csv;admin;;;;21;LIEGEKLASSE;LIEGEKLASSE;liegeklasse;spigesint;0;Klasse (Liegeklasse);Classe (de traitement);;;
1_Administratives.csv;admin;;;;22;VERSICHERUNGSKLASSE;VERSICHERUNGSKLASSE;versicherungsklasse;spigesint;0;Versicherungsklasse;Classe d’assurance;;;
1_Administratives.csv;admin;;;;23;ADMIN_URLAUB;ADMIN_URLAUB;admin_urlaub;integer;0;Administrativer Urlaub & Ferien;Vacances administratives & congés;;;
1_Administratives.csv;admin;;;;24;CHLZ;CHLZ;chlz;integer;0;chLZ - chirugische Leistung Zeit;dpc - durée de la prestation chirurgicale;;;
1_Administratives.csv;admin;;;;25;AUFENTHALT_IPS;AUFENTHALT_IPS;aufenthalt_ips;integer;0;Aufenthalt in einer Intensivstation;Séjour en soins intensifs;;;
1_Administratives.csv;admin;;;;26;BEATMUNG;BEATMUNG;beatmung;integer;0;Dauer der künstlichen Beatmung;Durée de la ventilation artificielle;;;
1_Administratives.csv;admin;;;;27;SCHWERE_SCORE;SCHWERE_SCORE;schwere_score;integer;0;Schweregrad der akuten Erkrankung;Gravité de la maladie aiguë;;;
1_Administratives.csv;admin;;;;28;ART_SCORE;ART_SCORE;art_score;spigeschar;0;Art des Score;Type de score;;;
1_Administratives.csv;admin;;;;29;NEMS;NEMS;nems;integer;0;NEMS, Total aller Schichten;NEMS, total de toutes les séances;;;
1_Administratives.csv;admin;;;;30;AUFENTHALT_IMC;AUFENTHALT_IMC;aufenthalt_imc;integer;0;Aufenthalt in einer Intermediate Care Station (IMC);Séjour en IMC (Intermediate Care Station);;;
1_Administratives.csv;admin;;;;31;AUFWAND_IMC;AUFWAND_IMC;aufwand_imc;integer;0;Erfassung der Aufwandpunkte für IMC;Relevé des points IMC;;;
1_Administratives.csv;admin;;;;32;HAUPTLEISTUNGSSTELLE;HAUPTLEISTUNGSSTELLE;hauptleistungsstelle;character;0;medizinische Hautpleistungsstelle;Centre de prestations médicales principal;;;
1_Administratives.csv;admin;;;;33;GRUNDVERSICHERUNG;GRUNDVERSICHERUNG;grundversicherung;spigesint;0;Hauptkostenträger für Grundversicherungsleistungen;Unité finale d’imputation principale pour les prestations d’assurance de base;;;
1_Administratives.csv;admin;;;;34;SPLG;SPLG;splg;character;0;Spitalplanungsleistungsgruppe pro Fall;Groupe de prestations pour la planification hospitalière, par cas;;2026;
1_Administratives.csv;admin;;;;35;TARIF;TARIF;tarif;spigesint;0;Tarif für die Abrechnung;Tarif pour la facturation;;;
1_Administratives.csv;admin;;;;36;AUSTRITTSDATUM;AUSTRITTSDATUM_ANONYM;austrittsdatum;character;0;Austrittsdatum und -Stunde;Date et heure de sortie;;;
1_Administratives.csv;admin;;;;37;AUSTRITTSENTSCHEID;AUSTRITTSENTSCHEID;austrittsentscheid;spigesint;0;Entscheid für Austritt;Décision de sortie;;;
1_Administratives.csv;admin;;;;38;AUSTRITT_AUFENTHALT;AUSTRITT_AUFENTHALT;austritt_aufenthalt;spigesint;0;Aufenthalt nach Austritt;Séjour après la sortie;;;
1_Administratives.csv;admin;;;;39;AUSTRITT_BEHANDLUNG;AUSTRITT_BEHANDLUNG;austritt_behandlung;spigesint;0;Behandlung nach Austritt;Traitement après la sortie;;;
2_Neugeborene.csv;newborn;;;;1;JAHR;JAHR;jahr;integer;1;Datenjahr;année des données;;;
2_Neugeborene.csv;newborn;;;;2;ENT_ID;ENT_ID;ent_id;integer;1;Unternehmensnummer ENT-ID;Numéro de l’entreprise ID ENT;;;
2_Neugeborene.csv;newborn;;;;3;BURNR;BURNR;standort_id;integer;1;Hauptstandort;Site principal;;;
2_Neugeborene.csv;newborn;;;;4;FALL_ID_CH;FALL_ID_CH_ANONYM;fall_id_ch;character;0;Schweizweit eindeutige Fallnummer anonymisiert;Numéro de cas clair pour toute la Suisse anonymisé;;;
2_Neugeborene.csv;newborn;;;;5;FALL_ID;FALL_ID_ANONYM;fall_id_spital;character;1;Eindeutiger Identifikator des Falls anonymisiert;Identificateur unique du cas anonymisé;;;
2_Neugeborene.csv;newborn;;;;6;GEBURTSZEIT;GEBURTSZEIT;geburtszeit;integer;0;Geburtszeitpunkt;Heure de naissance;;;
2_Neugeborene.csv;newborn;;;;7;VITALSTATUS;VITALSTATUS;vitalstatus;spigesint;0;Vitalstatus;État à la naissance;;;
2_Neugeborene.csv;newborn;;;;8;MEHRLING;MEHRLING;mehrling;spigesint;0;Mehrling;Naissances multiples;;;
2_Neugeborene.csv;newborn;;;;9;GEBURTSRANG;GEBURTSRANG;geburtsrang;integer;0;Geburtsrang bei Mehrlingsgeburten;Ordre de naissance dans les naissances multiples;;;
2_Neugeborene.csv;newborn;;;;10;GEBURTSGEWICHT;GEBURTSGEWICHT;geburtsgewicht;integer;0;Geburtsgewicht;Poids à la naissance;;;
2_Neugeborene.csv;newborn;;;;11;LAENGE;LAENGE;laenge;integer;0;Körperlänge;Taille;;;
2_Neugeborene.csv;newborn;;;;12;MISSBILDUNGEN;MISSBILDUNGEN;missbildungen;spigesint;0;Kongenitale Missbildungen;Malformations congénitales;;;
2_Neugeborene.csv;newborn;;;;13;FALL_ID_MUTTER;FALL_ID_MUTTER_ANONYM;fall_id_mutter;character;0;Fall ID der Mutter anonymisiert;ID de cas de la mère anonymisé;;;
2_Neugeborene.csv;newborn;;;;14;GESTATIONSALTER1;GESTATIONSALTER1;gestationsalter1;integer;0;Gestationsalter der Mutter nach Menstruation;Durée de la grossesse de la mère / menstruation;;;
2_Neugeborene.csv;newborn;;;;15;GESTATIONSALTER2;GESTATIONSALTER2;gestationsalter2;integer;0;Gestationsalter der Mutter nach Ultraschall;Durée de la grossesse de la mère / échographie;;;
2_Neugeborene.csv;newborn;;;;16;VORH_SCHWANGER;VORH_SCHWANGER;vorh_schwanger;integer;0;Anzahl vorausgegangener Schwangerschaften insgesamt;Nombre de grossesses précédentes;;;
2_Neugeborene.csv;newborn;;;;17;VORH_LEBENDGEBURTEN;VORH_LEBENDGEBURTEN;vorh_lebendgeburten;integer;0;Anzahl vorausgegangener Lebendgeburten;Nombre d’enfants précédemment nés vivant;;;
2_Neugeborene.csv;newborn;;;;18;VORH_FEHLGEBURTEN;VORH_FEHLGEBURTEN;vorh_fehlgeburten;integer;0;Anzahl vorausgegangener Fehl- oder Totgeburten;Nombre de fausses couches précédentes et de mort-nés précédents;;;
2_Neugeborene.csv;newborn;;;;19;VORH_ABBRUECHE;;vorh_abbrueche;integer;0;Anzahl vorausgegangener Schwangerschaftsabbrüche;Nombre d’interruptions de grossesses précédentes;;;
2_Neugeborene.csv;newborn;;;;20;AUFNAHMEGEWICHT;AUFNAHMEGEWICHT;aufnahmegewicht;integer;0;Aufnahmegewicht;Poids à l’admission;;;
2_Neugeborene.csv;newborn;;;;21;KOPFUMFANG;KOPFUMFANG;kopfumfang;integer;0;Kopfumfang bei Geburt;Tour de tête à la naissance;;;
3_Psychiatrie.csv;psychiatry;;;;1;JAHR;JAHR;jahr;integer;1;Datenjahr;année des données;;;
3_Psychiatrie.csv;psychiatry;;;;2;ENT_ID;ENT_ID;ent_id;integer;1;Unternehmensnummer ENT-ID;Numéro de l’entreprise ID ENT;;;
3_Psychiatrie.csv;psychiatry;;;;3;BURNR;BURNR;standort_id;integer;1;Hauptstandort;Site principal;;;
3_Psychiatrie.csv;psychiatry;;;;4;FALL_ID_CH;FALL_ID_CH_ANONYM;fall_id_ch;character;0;Schweizweit eindeutige Fallnummer anonymisiert;Numéro de cas clair pour toute la Suisse anonymisé;;;
3_Psychiatrie.csv;psychiatry;;;;5;FALL_ID;FALL_ID_ANONYM;fall_id_spital;character;1;Eindeutiger Identifikator des Falls anonymisiert;Identificateur unique du cas anonymisé;;;
3_Psychiatrie.csv;psychiatry;;;;6;PSY_ZIVILSTAND;PSY_ZIVILSTAND;psy_zivilstand;spigesint;0;Zivilstand;État civil;;;
3_Psychiatrie.csv;psychiatry;;;;7;PSY_EINTRITT_AUFENTHALT;PSY_EINTRITT_AUFENTHALT;psy_eintritt_aufenthalt;spigesint;0;Aufenthaltsort vor dem Eintritt (Psychiatrie);Séjour avant l’admission (psychiatrie);;;
3_Psychiatrie.csv;psychiatry;;;;8;PSY_EINTRITT_TEILZEIT;PSY_EINTRITT_TEILZEIT;psy_eintritt_teilzeit;spigesint;0;Beschäftigung vor Eintritt:teilzeit erwerbstätig;Occupation avant l’admission:travail à temps partiel;;;
3_Psychiatrie.csv;psychiatry;;;;9;PSY_EINTRITT_VOLLZEIT;PSY_EINTRITT_VOLLZEIT;psy_eintritt_vollzeit;spigesint;0;Beschäftigung vor Eintritt:voll erwerbstätig;Occupation avant l’admission:travail temps plein;;;
3_Psychiatrie.csv;psychiatry;;;;10;PSY_EINTRITT_ARBEITSLOS;PSY_EINTRITT_ARBEITSLOS;psy_eintritt_arbeitslos;spigesint;0;Beschäftigung vor Eintritt:nicht erwerbstätig oder arbeitslos;Occupation avant l’admission:sans occupation, au chômage;;;
3_Psychiatrie.csv;psychiatry;;;;11;PSY_EINTRITT_HAUSARBEIT;PSY_EINTRITT_HAUSARBEIT;psy_eintritt_hausarbeit;spigesint;0;Beschäftigung vor Eintritt:Hausarbeit in eigenem Haushalt;Occupation avant l’admission:travail ménager à domicile;;;
3_Psychiatrie.csv;psychiatry;;;;12;PSY_EINTRITT_AUSBILDUNG;PSY_EINTRITT_AUSBILDUNG;psy_eintritt_ausbildung;spigesint;0;Beschäftigung vor Eintritt:in Ausbildung (Schule, Lehre, Studium);Occupation avant l’admission:formation (école, apprentissage, études);;;
3_Psychiatrie.csv;psychiatry;;;;13;PSY_EINTRITT_REHA;PSY_EINTRITT_REHA;psy_eintritt_reha;spigesint;0;Beschäftigung vor Eintritt:Rehabilitationsprogramm;Occupation avant l’admission:programme de réinsertion;;;
3_Psychiatrie.csv;psychiatry;;;;14;PSY_EINTRITT_RENTE;PSY_EINTRITT_RENTE;psy_eintritt_rente;spigesint;0;Beschäftigung vor Eintritt:IV, AHV oder andere Rente;Occupation avant l’admission:AI, AVS ou autre rente;;;
3_Psychiatrie.csv;psychiatry;;;;15;PSY_EINTRITT_GESCH_ARBEIT;PSY_EINTRITT_GESCH_ARBEIT;psy_eintritt_gesch_arbeit;spigesint;0;Beschäftigung vor Eintritt:Arbeit in geschütztem oder beschützendem Rahmen;Occupation avant l’admission:travail en milieu protégé;;;
3_Psychiatrie.csv;psychiatry;;;;16;PSY_EINTRITT_UNBEKANNT;PSY_EINTRITT_UNBEKANNT;psy_eintritt_unbekannt;spigesint;0;Beschäftigung vor Eintritt:unbekannt;Occupation avant l’admission:inconnue;;;
3_Psychiatrie.csv;psychiatry;;;;17;PSY_SCHULBILDUNG;PSY_SCHULBILDUNG;psy_schulbildung;integer;0;Höchste abgeschlossene Schul- oder Berufsbildung;Formation scolaire ou professionnelle la plus élevée;;;
3_Psychiatrie.csv;psychiatry;;;;18;PSY_EINWEISENDE_INSTANZ;PSY_EINWEISENDE_INSTANZ;psy_einweisende_instanz;spigesint;0;Einweisende Instanz (Psychiatrie);Instance décisionnaire de l’hospitalisation (psychiatrie);;;
3_Psychiatrie.csv;psychiatry;;;;19;PSY_FU;PSY_FU;psy_fu;spigesint;0;Fürsorgerische Unterbringung;Placement à des fins d’assistance (PAFA);;;
3_Psychiatrie.csv;psychiatry;;;;20;PSY_BEHANDLUNG;PSY_BEHANDLUNG;psy_behandlung;spigesint;0;Behandlung (Was wurde gemacht);Traitement (ce qui a été fait);;;
3_Psychiatrie.csv;psychiatry;;;;21;PSY_PP_NEUROLEPTIKA;PSY_PP_NEUROLEPTIKA;psy_pp_neuroleptika;spigesint;0;Psychopharmakotherapie: Neuroleptika;Psychopharmacothérapie: neuroleptiques;;;
3_Psychiatrie.csv;psychiatry;;;;22;PSY_PP_DEPOTNEUROLEPTIKA;PSY_PP_DEPOTNEUROLEPTIKA;psy_pp_depotneuroleptika;spigesint;0;Psychopharmakotherapie: Depotneuroleptika;Psychopharmacothérapie: neuroleptiques-dépôt;;;
3_Psychiatrie.csv;psychiatry;;;;23;PSY_PP_ANTIDEPRESSIVA;PSY_PP_ANTIDEPRESSIVA;psy_pp_antidepressiva;spigesint;0;Psychopharmakotherapie:Antidepressiva;Psychopharmacothérapie:antidépresseurs;;;
3_Psychiatrie.csv;psychiatry;;;;24;PSY_PP_TRANQUILIZER;PSY_PP_TRANQUILIZER;psy_pp_tranquilizer;spigesint;0;Psychopharmakotherapie:Tranquilizer;Psychopharmacothérapie:tranquillisants;;;
3_Psychiatrie.csv;psychiatry;;;;25;PSY_PP_HYPNOTIKA;PSY_PP_HYPNOTIKA;psy_pp_hypnotika;spigesint;0;Psychopharmakotherapie:Hypnotika;Psychopharmacothérapie:hypnotiques;;;
3_Psychiatrie.csv;psychiatry;;;;26;PSY_PP_ANTIEPILEPTIKA;PSY_PP_ANTIEPILEPTIKA;psy_pp_antiepileptika;spigesint;0;Psychopharmakotherapie:Antiepileptika;Psychopharmacothérapie:antiépileptiques;;;
3_Psychiatrie.csv;psychiatry;;;;27;PSY_PP_LITHIUM;PSY_PP_LITHIUM;psy_pp_lithium;spigesint;0;Psychopharmakotherapie:Lithium;Psychopharmacothérapie:lithium;;;
3_Psychiatrie.csv;psychiatry;;;;28;PSY_PP_SUBSTITUTION;PSY_PP_SUBSTITUTION;psy_pp_substitution;spigesint;0;Psychopharmakotherapie:Suchtsubstitutionsmittel (z.B. Methadon);Psychopharmacothérapie:thérapie de substitution (méthadone, etc.);;;
3_Psychiatrie.csv;psychiatry;;;;29;PSY_PP_SUCHTAVERSION;PSY_PP_SUCHTAVERSION;psy_pp_suchtaversion;spigesint;0;Psychopharmakotherapie:Suchtaversionsmittel (z.B. Antabus, Nemexin);Psychopharmacothérapie:usage d’antagonistes (antabuse, némexine, etc.);;;
3_Psychiatrie.csv;psychiatry;;;;30;PSY_PP_ANTIPARKINSON;PSY_PP_ANTIPARKINSON;psy_pp_antiparkinson;spigesint;0;Psychopharmakotherapie:Antiparkinsonmittel;Psychopharmacothérapie:antiparkinsoniens;;;
3_Psychiatrie.csv;psychiatry;;;;31;PSY_PP_ANDERE;PSY_PP_ANDERE;psy_pp_andere;spigesint;0;Psychopharmakotherapie:andere;Psychopharmacothérapie:autres;;;
3_Psychiatrie.csv;psychiatry;;;;32;PSY_PP_KOERPER_MEDI;PSY_PP_KOERPER_MEDI;psy_pp_koerper_medi;spigesint;0;Psychopharmakotherapie:Medikamente zur Behandlung körperlicher Leiden;Psychopharmacothérapie:médicaments non-psychopharmacotiques;;;
3_Psychiatrie.csv;psychiatry;;;;33;PSY_ENTSCH_AUSTRITT;PSY_ENTSCH_AUSTRITT;psy_entsch_austritt;spigesint;0;Entscheid für Austritt (Psychiatrie);Décision de sortie (psychiatrie);;;
3_Psychiatrie.csv;psychiatry;;;;34;PSY_AUSTRITT_AUFENTHALT;PSY_AUSTRITT_AUFENTHALT;psy_austritt_aufenthalt;spigesint;0;Aufenthalt nach Austritt (Psychiatrie);Séjour après la sortie (psychiatrie);;;
3_Psychiatrie.csv;psychiatry;;;;35;PSY_AUSTRITT_BEHANDLUNG;PSY_AUSTRITT_BEHANDLUNG;psy_austritt_behandlung;spigesint;0;Behandlung nach Austritt (Psychiatrie);Traitement après la sortie (psychiatrie);;;
3_Psychiatrie.csv;psychiatry;;;;36;PSY_BEHANDLUNGSBEREICH;PSY_BEHANDLUNGSBEREICH;psy_behandlungsbereich;spigesint;0;Behandlungsbereich;Domaine de traitement;;;
4_KTR.csv;ktr;KTR Kostenträger;Objet de coûts;Healthcare Cost Object;1;JAHR;JAHR;jahr;integer;1;Datenjahr;année des données;;;
4_KTR.csv;ktr;KTR Kostenträger;Objet de coûts;Healthcare Cost Object;2;ENT_ID;ENT_ID;ent_id;integer;1;Unternehmensnummer ENT-ID;Numéro de l’entreprise ID ENT;;;
4_KTR.csv;ktr;KTR Kostenträger;Objet de coûts;Healthcare Cost Object;3;BURNR;BURNR;standort_id;integer;1;Hauptstandort;Site principal;;;
4_KTR.csv;ktr;KTR Kostenträger;Objet de coûts;Healthcare Cost Object;4;FALL_ID_CH;FALL_ID_CH_ANONYM;fall_id_ch;character;0;Schweizweit eindeutige Fallnummer anonymisiert;Numéro de cas clair pour toute la Suisse anonymisé;;;
4_KTR.csv;ktr;KTR Kostenträger;Objet de coûts;Healthcare Cost Object;5;FALL_ID;FALL_ID_ANONYM;fall_id_spital;character;1;Eindeutiger Identifikator des Falls anonymisiert;Identificateur unique du cas anonymisé;;;
4_KTR.csv;ktr;KTR Kostenträger;Objet de coûts;Healthcare Cost Object;6;KTR_TYP;KTR_TYP;ktr_typ;integer;0;KTR-Typ;Type de CUFI;;;
4_KTR.csv;ktr;KTR Kostenträger;Objet de coûts;Healthcare Cost Object;7;KTR_BESCHR;KTR_BESCHR;ktr_beschr;character;0;KTR-Bezeichnung;Désignation de la CUFI;;;
4_KTR.csv;ktr;KTR Kostenträger;Objet de coûts;Healthcare Cost Object;8;KTR_60;KTR_60;ktr_60;numeric;0;60 Erlöse aus medizinischen, pflegerischen und therapeutischen Leistungen für Patienten;60 Produits résultant de prestations médicales, infirmières et thérapeutiques pour les patients;;;
4_KTR.csv;ktr;KTR Kostenträger;Objet de coûts;Healthcare Cost Object;9;KTR_61;KTR_61;ktr_61;numeric;0;61 Ärztliche Einzelleistungen;61 Prestations unitaires médicales;;;
4_KTR.csv;ktr;KTR Kostenträger;Objet de coûts;Healthcare Cost Object;10;KTR_62;KTR_62;ktr_62;numeric;0;62 übrige Spitaleinzelleistungen;62 Autres prestations unitaires hospitalières;;;
4_KTR.csv;ktr;KTR Kostenträger;Objet de coûts;Healthcare Cost Object;11;KTR_65;KTR_65;ktr_65;numeric;0;65 Übrige Erlöse aus Leistungen an Patienten;65 Autres produits de prestations aux patients;;;
4_KTR.csv;ktr;KTR Kostenträger;Objet de coûts;Healthcare Cost Object;12;KTR_66;KTR_66;ktr_66;numeric;0;66 Finanzerlös;66 Produits financiers;;;
4_KTR.csv;ktr;KTR Kostenträger;Objet de coûts;Healthcare Cost Object;13;KTR_68;KTR_68;ktr_68;numeric;0;68 Erlöse aus Leistungen an Personal und Dritte;68 Produits résultant de prestations au personnel ou à des tiers;;;
4_KTR.csv;ktr;KTR Kostenträger;Objet de coûts;Healthcare Cost Object;14;KTR_69;KTR_69;ktr_69;numeric;0;690 - 696 Staatsbeiträge;690 - 696 Contributions de l’État;;;
4_KTR.csv;ktr;KTR Kostenträger;Objet de coûts;Healthcare Cost Object;15;KTR_697;KTR_697;ktr_697;numeric;0;697 Beiträge von Korporationen, Stiftungen und Privaten;697 Contributions de corporations, de fondations et d’organisations privées;;;
4_KTR.csv;ktr;KTR Kostenträger;Objet de coûts;Healthcare Cost Object;16;KTR_4001;KTR_4001;ktr_4001;numeric;0;4001 Arzneimittel (exkl. Blut und Blutprodukte);4001 Médicaments (non-compris sang et produits sanguins);;;
4_KTR.csv;ktr;KTR Kostenträger;Objet de coûts;Healthcare Cost Object;17;KTR_4002;KTR_4002;ktr_4002;numeric;0;4002 Blut und Blutprodukte;4002 Sang et produits sanguins;;;
4_KTR.csv;ktr;KTR Kostenträger;Objet de coûts;Healthcare Cost Object;18;KTR_4012;KTR_4012;ktr_4012;numeric;0;4012 Material, Instrumente, usw.;4012 Matériel, instruments, etc.;;;
4_KTR.csv;ktr;KTR Kostenträger;Objet de coûts;Healthcare Cost Object;19;KTR_4011;KTR_4011;ktr_4011;numeric;0;4011 Implantate;4011 Implants;;;
4_KTR.csv;ktr;KTR Kostenträger;Objet de coûts;Healthcare Cost Object;20;KTR_40_REST;KTR_40_REST;ktr_40_rest;numeric;0;Übriger Medizinischer Bedarf exkl. Arzthonorare;Autres matériels médicaux, hors honoraires médicaux;;;
4_KTR.csv;ktr;KTR Kostenträger;Objet de coûts;Healthcare Cost Object;21;KTR_4051;KTR_4051;ktr_4051;numeric;0;4051 Arzthonorare Belegärzte, nicht sozialversicherungspflichtig (GV-Anteil);4051 Honoraires des médecins agréés, non-soumis aux assurances sociales (part de l’assurance de base);;;
4_KTR.csv;ktr;KTR Kostenträger;Objet de coûts;Healthcare Cost Object;22;KTR_4052;KTR_4052;ktr_4052;numeric;0;4052 Arzthonorare Belegärzte, nicht sozialversicherungspflichtig (ZV-Anteil);4052 Honoraires des médecins agréés, non-soumis aux assurances sociales (part de l’assurance complémentaire);;;
4_KTR.csv;ktr;KTR Kostenträger;Objet de coûts;Healthcare Cost Object;23;KTR_3801;KTR_3801;ktr_3801;numeric;0;3801 Arzthonorar, Spitalärzte (sozialversicherungspflichtig, GV-Anteil);3801 Honoraires des médecins et médecins hospitaliers (soumis aux assurances sociales, part de l’assurance de base);;;
4_KTR.csv;ktr;KTR Kostenträger;Objet de coûts;Healthcare Cost Object;24;KTR_3802;KTR_3802;ktr_3802;numeric;0;3802 Arzthonorar, Spitalärzte (sozialversicherungspflichtig, ZV-Anteil);3802 Honoraires des médecins et médecins hospitaliers (soumis aux assurances sociales, part de l’assurance complémentaire);;;
4_KTR.csv;ktr;KTR Kostenträger;Objet de coûts;Healthcare Cost Object;25;KTR_3811;KTR_3811;ktr_3811;numeric;0;3811 Arzthonorar, Belegärzte (sozialversicherungspflichtig, GV-Anteil);3811 Honoraires des médecins et médecins agréés (soumis aux assurances sociales, part de l’assurance de base);;;
4_KTR.csv;ktr;KTR Kostenträger;Objet de coûts;Healthcare Cost Object;26;KTR_3812;KTR_3812;ktr_3812;numeric;0;3812 Arzthonorar, Belegärzte (sozialversicherungspflichtig, ZV-Anteil);3812 Honoraires des médecins et médecins agréés (soumis aux assurances sociales, part de l’assurance complémentaire);;;
4_KTR.csv;ktr;KTR Kostenträger;Objet de coûts;Healthcare Cost Object;27;KTR_480;KTR_480;ktr_480;numeric;0;480 Patiententransport durch Dritte;480 Transports patients assurés par des tiers;;;
4_KTR.csv;ktr;KTR Kostenträger;Objet de coûts;Healthcare Cost Object;28;KTR_485;KTR_485;ktr_485;numeric;0;485 Übrige patientenbezogene Fremdleistungen;485 Autres prestations de tiers liées au patient;;;
4_KTR.csv;ktr;KTR Kostenträger;Objet de coûts;Healthcare Cost Object;29;KTR_486;KTR_486;ktr_486;numeric;0;486 Übrige Auslagen für Patienten;486 Autres frais liés aux patients;;;
4_KTR.csv;ktr;KTR Kostenträger;Objet de coûts;Healthcare Cost Object;30;KTR_10;KTR_10;ktr_10;numeric;0;10 Patientenadministration, Gemeinkosten exkl. ANK;10 Administration des patients, coûts généraux hors CUI;;;
4_KTR.csv;ktr;KTR Kostenträger;Objet de coûts;Healthcare Cost Object;31;KTR_20;KTR_20;ktr_20;numeric;0;20 OP-Saal, Gemeinkosten exkl. ANK;20 Salles d’opérations, coûts généraux, hors CUI;;;
4_KTR.csv;ktr;KTR Kostenträger;Objet de coûts;Healthcare Cost Object;32;KTR_21;KTR_21;ktr_21;numeric;0;21 Herzkatheter-Labor exkl. ANK;21 Laboratoire de cathétérisme cardiaque, hors CUI;;;
4_KTR.csv;ktr;KTR Kostenträger;Objet de coûts;Healthcare Cost Object;33;KTR_23;KTR_23;ktr_23;numeric;0;23 Anästhesie, Gemeinkosten exkl. ANK;23 Anesthésie, coûts généraux hors CUI;;;
4_KTR.csv;ktr;KTR Kostenträger;Objet de coûts;Healthcare Cost Object;34;KTR_24;KTR_24;ktr_24;numeric;0;24 Intensivpflege (IPS), Gemeinkosten exkl. ANK;24 Unités de soins intensifs (USI), coûts généraux, hors CUI;;;
4_KTR.csv;ktr;KTR Kostenträger;Objet de coûts;Healthcare Cost Object;35;KTR_25;KTR_25;ktr_25;numeric;0;25 Notfall, Gemeinkosten exkl. ANK;25 Urgences, coûts généraux hors CUI;;;
4_KTR.csv;ktr;KTR Kostenträger;Objet de coûts;Healthcare Cost Object;36;KTR_26;KTR_26;ktr_26;numeric;0;26 Bildgebende Verfahren, Gemeinkosten exkl. ANK;26 Procédés d’imagerie médicale, coûts généraux, hors CUI;;;
4_KTR.csv;ktr;KTR Kostenträger;Objet de coûts;Healthcare Cost Object;37;KTR_27;KTR_27;ktr_27;numeric;0;27 Gebärsaal, Gemeinkosten exkl. ANK;27 Salle d’accouchement, coûts généraux hors CUI;;;
4_KTR.csv;ktr;KTR Kostenträger;Objet de coûts;Healthcare Cost Object;38;KTR_28;KTR_28;ktr_28;numeric;0;28 Nuklearmedizin und Radioonkologie, Gemeinkosten exkl. ANK;28 Médecine nucléaire et radiooncologie, coûts généraux hors CUI;;;
4_KTR.csv;ktr;KTR Kostenträger;Objet de coûts;Healthcare Cost Object;39;KTR_29;KTR_29;ktr_29;numeric;0;29 Labor, Gemeinkosten exkl. ANK;29 Laboratoire, coûts généraux hors CUI;;;
4_KTR.csv;ktr;KTR Kostenträger;Objet de coûts;Healthcare Cost Object;40;KTR_30;KTR_30;ktr_30;numeric;0;30 Dialysen, Gemeinkosten exkl. ANK;30 Dialyse, coûts généraux hors CUI;;;
4_KTR.csv;ktr;KTR Kostenträger;Objet de coûts;Healthcare Cost Object;41;KTR_31_1_5;KTR_31_1_5;ktr_31_1_5;numeric;0;31 Ärzteschaften Aktivitäten 1-5, Gemeinkosten exkl. ANK;31 Corps médical, activités 1-5, coûts généraux hors CUI;;;
4_KTR.csv;ktr;KTR Kostenträger;Objet de coûts;Healthcare Cost Object;42;KTR_31_6A1;KTR_31_6A1;ktr_31_6a1;numeric;0;31 Ärzteschaften des OP-Saals - Aktivitäten 6a1, Gemeinkosten exkl. ANK;31 Corps médical de la salle d’OP - Activités 6a1, coûts généraux hors CUI;;;
4_KTR.csv;ktr;KTR Kostenträger;Objet de coûts;Healthcare Cost Object;43;KTR_31_6A2;KTR_31_6A2;ktr_31_6a2;numeric;0;31 Ärzteschaften des Herzkatheter-Labors - Aktivitäten 6a2, Gemeinkosten exkl. ANK;31 Corps médical du laboratoire de cathétérisme cardiaque - Activités 6a2, coûts généraux hors CUI;;;
4_KTR.csv;ktr;KTR Kostenträger;Objet de coûts;Healthcare Cost Object;44;KTR_31_6B1;KTR_31_6B1;ktr_31_6b1;numeric;0;31 Ärzteschaften der IPS - Aktivitäten 6b1, Gemeinkosten exkl. ANK;31 Corps médical de l’USI, Activités 6b1, coûts généraux hors CUI;;;
4_KTR.csv;ktr;KTR Kostenträger;Objet de coûts;Healthcare Cost Object;45;KTR_31_6B2;KTR_31_6B2;ktr_31_6b2;numeric;0;31 Ärzteschaften der IMCU - Aktivitäten 6b2, Gemeinkosten exkl. ANK;31 Corps médical de l’U-IMC - Activités 6b2, coûts généraux hors CUI;;;
4_KTR.csv;ktr;KTR Kostenträger;Objet de coûts;Healthcare Cost Object;46;KTR_31_6B3;KTR_31_6B3;ktr_31_6b3;numeric;0;31 Ärzteschaften des Notfalls - Aktivitäten 6b3, Gemeinkosten exkl. ANK;31 Corps médical des urgences - Activités 6b3, coûts généraux hors CUI;;;
4_KTR.csv;ktr;KTR Kostenträger;Objet de coûts;Healthcare Cost Object;47;KTR_31_6B4;KTR_31_6B4;ktr_31_6b4;numeric;0;31 Ärzteschaften des Gebärsaals - Aktivitäten 6b4, Gemeinkosten exkl. ANK;31 Corps médical de la salle d’accouchement - Activités 6b4, coûts généraux hors CUI;;;
4_KTR.csv;ktr;KTR Kostenträger;Objet de coûts;Healthcare Cost Object;48;KTR_31_6B5;KTR_31_6B5;ktr_31_6b5;numeric;0;31 Ärzteschaften der medizinischen und therapeutischen Diagnostik - Aktivitäten 6b5, Gemeinkosten exkl. ANK;31 Corps médical du diagnostic médical et thérapeutique - Activités 6b5, coûts généraux hors CUI;;;
4_KTR.csv;ktr;KTR Kostenträger;Objet de coûts;Healthcare Cost Object;49;KTR_32;KTR_32;ktr_32;numeric;0;32 Physiotherapie, Gemeinkosten exkl. ANK;32 Physiothérapie, coûts généraux hors CUI;;;
4_KTR.csv;ktr;KTR Kostenträger;Objet de coûts;Healthcare Cost Object;50;KTR_33;KTR_33;ktr_33;numeric;0;33 Ergotherapie, Gemeinkosten exkl. ANK;33 Ergothérapie, coûts généraux hors CUI;;;
4_KTR.csv;ktr;KTR Kostenträger;Objet de coûts;Healthcare Cost Object;51;KTR_34;KTR_34;ktr_34;numeric;0;34 Logopädie, Gemeinkosten exkl. ANK;34 Logopédie, coûts généraux hors CUI;;;
4_KTR.csv;ktr;KTR Kostenträger;Objet de coûts;Healthcare Cost Object;52;KTR_35;KTR_35;ktr_35;numeric;0;35 Nichtärztliche Therapien und Beratungen, Gemeinkosten exkl. ANK;35 Thérapies non médicales et conseils, coûts généraux hors CUI;;;
4_KTR.csv;ktr;KTR Kostenträger;Objet de coûts;Healthcare Cost Object;53;KTR_36;KTR_36;ktr_36;numeric;0;36 Medizinische und therapeutische Diagnostik, Gemeinkosten exkl. ANK;36 Diagnostic médical et thérapeutique, coûts généraux hors CUI;;;
4_KTR.csv;ktr;KTR Kostenträger;Objet de coûts;Healthcare Cost Object;54;KTR_38;KTR_38;ktr_38;numeric;0;38 Anerkannte Intermediate Care Stellen (IMCU), Gemeinkosten exkl. ANK;38 Unités de soins intermédiaires (U-IMC) reconnues, hors CUI;;;
4_KTR.csv;ktr;KTR Kostenträger;Objet de coûts;Healthcare Cost Object;55;KTR_39;KTR_39;ktr_39;numeric;0;39 Pflege, Gemeinkosten exkl. ANK;39 Soins, coûts généraux hors CUI;;;
4_KTR.csv;ktr;KTR Kostenträger;Objet de coûts;Healthcare Cost Object;56;KTR_40;KTR_40;ktr_40;numeric;0;40 Psychologie, Gemeinkosten exkl. ANK;40 Psychologie, coûts généraux hors CUI;;;
4_KTR.csv;ktr;KTR Kostenträger;Objet de coûts;Healthcare Cost Object;57;KTR_41;KTR_41;ktr_41;numeric;0;41 Hotellerie-Zimmer, Gemeinkosten exkl. ANK;41 Hôtellerie/chambre, coûts généraux, hors CUI;;;
4_KTR.csv;ktr;KTR Kostenträger;Objet de coûts;Healthcare Cost Object;58;KTR_42;KTR_42;ktr_42;numeric;0;42 Hotellerie-Küche, Gemeinkosten exkl. ANK;42 Hôtellerie/cuisine, coûts généraux, hors CUI;;;
4_KTR.csv;ktr;KTR Kostenträger;Objet de coûts;Healthcare Cost Object;59;KTR_43;KTR_43;ktr_43;numeric;0;43 Hotellerie-Service, Gemeinkosten exkl. ANK;43 Hôtellerie/service, coûts généraux, hors CUI;;;
4_KTR.csv;ktr;KTR Kostenträger;Objet de coûts;Healthcare Cost Object;60;KTR_44;KTR_44;ktr_44;numeric;0;44 Übrige Leistungserbringer, Gemeinkosten exkl. ANK;44 Autres fournisseurs de prestations, coûts généraux, hors CUI;;;
4_KTR.csv;ktr;KTR Kostenträger;Objet de coûts;Healthcare Cost Object;61;KTR_45;KTR_45;ktr_45;numeric;0;45 Pathologie, Gemeinkosten exkl. ANK;45 Pathologie, coûts généraux hors CUI;;;
4_KTR.csv;ktr;KTR Kostenträger;Objet de coûts;Healthcare Cost Object;62;KTR_77;KTR_77;ktr_77;numeric;0;77 Rettungs-/Ambulanzdienst (nur Sekundärtransporte), Gemeinkosten exkl. ANK;77 Service de sauvetage et d’ambulance (uniquement transports secondaires), coûts généraux hors CUI;;;
4_KTR.csv;ktr;KTR Kostenträger;Objet de coûts;Healthcare Cost Object;63;KTR_NICHT_PB;KTR_NICHT_PB;ktr_nicht_pb;numeric;0;Nicht patientenbezogene Kosten (können ganze Kst sein);Charges non liées aux patients (peuvent couvrir un centre de charges complète);;;
4_KTR.csv;ktr;KTR Kostenträger;Objet de coûts;Healthcare Cost Object;64;KTR_10_ANK;KTR_10_ANK;ktr_10_ank;numeric;0;10 Patientenadministration, ANK nach REKOLE®;10 Administration des patients, CUI selon REKOLE®;;;
4_KTR.csv;ktr;KTR Kostenträger;Objet de coûts;Healthcare Cost Object;65;KTR_20_ANK;KTR_20_ANK;ktr_20_ank;numeric;0;20 OP-Saal, ANK nach REKOLE®;20 Salle d’OP, CUI selon REKOLE®;;;
4_KTR.csv;ktr;KTR Kostenträger;Objet de coûts;Healthcare Cost Object;66;KTR_21_ANK;KTR_21_ANK;ktr_21_ank;numeric;0;21 Herzkatheter-Labor, ANK nach REKOLE®;21 Laboratoire de cathétérisme cardiaque, CUI selon REKOLE®;;;
4_KTR.csv;ktr;KTR Kostenträger;Objet de coûts;Healthcare Cost Object;67;KTR_23_ANK;KTR_23_ANK;ktr_23_ank;numeric;0;23 Anästhesie, ANK nach REKOLE®;23 Anesthésie, CUI selon REKOLE®;;;
4_KTR.csv;ktr;KTR Kostenträger;Objet de coûts;Healthcare Cost Object;68;KTR_24_ANK;KTR_24_ANK;ktr_24_ank;numeric;0;24 Intensivpflege (IPS), ANK nach REKOLE®;24 Unités de soins intensifs (USI), CUI selon REKOLE®;;;
4_KTR.csv;ktr;KTR Kostenträger;Objet de coûts;Healthcare Cost Object;69;KTR_25_ANK;KTR_25_ANK;ktr_25_ank;numeric;0;25 Notfall, ANK nach REKOLE®;25 Urgences, CUI selon REKOLE®;;;
4_KTR.csv;ktr;KTR Kostenträger;Objet de coûts;Healthcare Cost Object;70;KTR_26_ANK;KTR_26_ANK;ktr_26_ank;numeric;0;26 Bildgebende Verfahren, ANK nach REKOLE®;26 Procédés d’imagerie médicale, CUI selon REKOLE®;;;
4_KTR.csv;ktr;KTR Kostenträger;Objet de coûts;Healthcare Cost Object;71;KTR_27_ANK;KTR_27_ANK;ktr_27_ank;numeric;0;27 Gebärsaal, ANK nach REKOLE®;27 Salle d’accouchement, CUI selon REKOLE®;;;
4_KTR.csv;ktr;KTR Kostenträger;Objet de coûts;Healthcare Cost Object;72;KTR_28_ANK;KTR_28_ANK;ktr_28_ank;numeric;0;28 Nuklearmedizin und Radioonkologie, ANK nach REKOLE®;28 Médecine nucléaire et radiooncologie, CUI selon REKOLE®;;;
4_KTR.csv;ktr;KTR Kostenträger;Objet de coûts;Healthcare Cost Object;73;KTR_29_ANK;KTR_29_ANK;ktr_29_ank;numeric;0;29 Labor, ANK nach REKOLE®;29 Laboratoire, CUI selon REKOLE®;;;
4_KTR.csv;ktr;KTR Kostenträger;Objet de coûts;Healthcare Cost Object;74;KTR_30_ANK;KTR_30_ANK;ktr_30_ank;numeric;0;30 Dialysen, ANK nach REKOLE®;30 Dialyse, CUI selon REKOLE®;;;
4_KTR.csv;ktr;KTR Kostenträger;Objet de coûts;Healthcare Cost Object;75;KTR_31_1_5_ANK;KTR_31_1_5_ANK;ktr_31_1_5_ank;numeric;0;31 Ärzteschaften Aktivitäten 1-5, ANK nach REKOLE®;31 Corps médical, activités 1-5, CUI selon REKOLE®;;;
4_KTR.csv;ktr;KTR Kostenträger;Objet de coûts;Healthcare Cost Object;76;KTR_31_6A1_ANK;KTR_31_6A1_ANK;ktr_31_6a1_ank;numeric;0;31 Ärzteschaften des OP-Saals - Aktivitäten 6a1, ANK nach REKOLE®;31 Corps médical de la salle d’OP - Activités 6a1, CUI selon REKOLE®;;;
4_KTR.csv;ktr;KTR Kostenträger;Objet de coûts;Healthcare Cost Object;77;KTR_31_6A2_ANK;KTR_31_6A2_ANK;ktr_31_6a2_ank;numeric;0;31 Ärzteschaften des Herzkatheter-Labors - Aktivitäten 6a2, ANK nach REKOLE®;31 Corps médical du laboratoire de cathétérisme cardiaque - Activités 6a2, CUI selon REKOLE®;;;
4_KTR.csv;ktr;KTR Kostenträger;Objet de coûts;Healthcare Cost Object;78;KTR_31_6B1_ANK;KTR_31_6B1_ANK;ktr_31_6b1_ank;numeric;0;31 Ärzteschaften der IPS - Aktivitäten 6b1, ANK nach REKOLE®;31 Corps médical de l’USI - Activités 6b1, CUI selon REKOLE®;;;
4_KTR.csv;ktr;KTR Kostenträger;Objet de coûts;Healthcare Cost Object;79;KTR_31_6B2_ANK;KTR_31_6B2_ANK;ktr_31_6b2_ank;numeric;0;31 Ärzteschaften der IMCU - Aktivitäten 6b2, ANK nach REKOLE®;31 Corps médical de l’U-IMC - Activités 6b2, CUI selon REKOLE®;;;
4_KTR.csv;ktr;KTR Kostenträger;Objet de coûts;Healthcare Cost Object;80;KTR_31_6B3_ANK;KTR_31_6B3_ANK;ktr_31_6b3_ank;numeric;0;31 Ärzteschaften des Notfalls - Aktivitäten 6b3, ANK nach REKOLE®;31 Corps médical des urgences - Activités 6b3, CUI selon REKOLE®;;;
4_KTR.csv;ktr;KTR Kostenträger;Objet de coûts;Healthcare Cost Object;81;KTR_31_6B4_ANK;KTR_31_6B4_ANK;ktr_31_6b4_ank;numeric;0;31 Ärzteschaften des Gebärsaals - Aktivitäten 6b4, ANK nach REKOLE®;31 Corps médical de la salle d’accouchement - Activités 6b4, CUI selon REKOLE®;;;
4_KTR.csv;ktr;KTR Kostenträger;Objet de coûts;Healthcare Cost Object;82;KTR_31_6B5_ANK;KTR_31_6B5_ANK;ktr_31_6b5_ank;numeric;0;31 Ärzteschaften der medizinischen und therapeutischen Diagnostik - Aktivitäten 6b5, ANK nach REKOLE®;31 Corps médical du diagnostic médical et thérapeutique - Activités 6b5, CUI selon REKOLE®;;;
4_KTR.csv;ktr;KTR Kostenträger;Objet de coûts;Healthcare Cost Object;83;KTR_32_ANK;KTR_32_ANK;ktr_32_ank;numeric;0;32 Physiotherapie, ANK nach REKOLE®;32 Physiothérapie, C155;;;
4_KTR.csv;ktr;KTR Kostenträger;Objet de coûts;Healthcare Cost Object;84;KTR_33_ANK;KTR_33_ANK;ktr_33_ank;numeric;0;33 Ergotherapie, ANK nach REKOLE®;33 Ergothérapie, CUI selon REKOLE®;;;
4_KTR.csv;ktr;KTR Kostenträger;Objet de coûts;Healthcare Cost Object;85;KTR_34_ANK;KTR_34_ANK;ktr_34_ank;numeric;0;34 Logopädie, ANK nach REKOLE®;34 Logopédie, CUI selon REKOLE®;;;
4_KTR.csv;ktr;KTR Kostenträger;Objet de coûts;Healthcare Cost Object;86;KTR_35_ANK;KTR_35_ANK;ktr_35_ank;numeric;0;35 Nichtärztliche Therapien und Beratungen, ANK nach REKOLE®;35 Thérapies non médicales et conseils, CUI selon REKOLE®;;;
4_KTR.csv;ktr;KTR Kostenträger;Objet de coûts;Healthcare Cost Object;87;KTR_36_ANK;KTR_36_ANK;ktr_36_ank;numeric;0;36 Medizinische und therapeutische Diagnostik, ANK nach REKOLE®;36 Diagnostic médical et thérapeutique, CUI selon REKOLE®;;;
4_KTR.csv;ktr;KTR Kostenträger;Objet de coûts;Healthcare Cost Object;88;KTR_38_ANK;KTR_38_ANK;ktr_38_ank;numeric;0;38 Anerkannte Intermediate Care Stellen (IMCU), ANK nach REKOLE®;38 Unités de soins intermédiaires (U-IMC) reconnues, CUI selon REKOLE®;;;
4_KTR.csv;ktr;KTR Kostenträger;Objet de coûts;Healthcare Cost Object;89;KTR_39_ANK;KTR_39_ANK;ktr_39_ank;numeric;0;39 Pflege, ANK nach REKOLE®;39 Soins, CUI selon REKOLE®;;;
4_KTR.csv;ktr;KTR Kostenträger;Objet de coûts;Healthcare Cost Object;90;KTR_40_ANK;KTR_40_ANK;ktr_40_ank;numeric;0;40 Psychologie, ANK nach REKOLE®;40 Psychologie, CUI selon REKOLE®;;;
4_KTR.csv;ktr;KTR Kostenträger;Objet de coûts;Healthcare Cost Object;91;KTR_41_ANK;KTR_41_ANK;ktr_41_ank;numeric;0;41 Hotellerie-Zimmer, ANK nach REKOLE®;41 Hôtellerie/chambre, CUI selon REKOLE®;;;
4_KTR.csv;ktr;KTR Kostenträger;Objet de coûts;Healthcare Cost Object;92;KTR_42_ANK;KTR_42_ANK;ktr_42_ank;numeric;0;42 Hotellerie-Küche, ANK nach REKOLE®;42 Hôtellerie/cuisine, CUI selon REKOLE®;;;
4_KTR.csv;ktr;KTR Kostenträger;Objet de coûts;Healthcare Cost Object;93;KTR_43_ANK;KTR_43_ANK;ktr_43_ank;numeric;0;43 Hotellerie-Service, ANK nach REKOLE®;43 Hôtellerie/service, CUI selon REKOLE®;;;
4_KTR.csv;ktr;KTR Kostenträger;Objet de coûts;Healthcare Cost Object;94;KTR_44_ANK;KTR_44_ANK;ktr_44_ank;numeric;0;44 Übrige Leistungserbringer, ANK nach REKOLE®;44 Autres fournisseurs de prestations, CUI selon REKOLE®;;;
4_KTR.csv;ktr;KTR Kostenträger;Objet de coûts;Healthcare Cost Object;95;KTR_45_ANK;KTR_45_ANK;ktr_45_ank;numeric;0;45 Pathologie, ANK nach REKOLE®;45 Pathologie, CUI selon REKOLE®;;;
4_KTR.csv;ktr;KTR Kostenträger;Objet de coûts;Healthcare Cost Object;96;KTR_77_ANK;KTR_77_ANK;ktr_77_ank;numeric;0;77 Rettungs-/Ambulanzdienst (nur Sekundärtransporte), ANK nach REKOLE®;77 Service de sauvetage et d’ambulance (uniquement transports secondaires), CUI selon REKOLE®;;;
4_KTR.csv;ktr;KTR Kostenträger;Objet de coûts;Healthcare Cost Object;97;KTR_44_VKL;KTR_44_VKL;ktr_44_vkl;numeric;0;44 Anlagenutzungskosten nach VKL;44 Coûts d’utilisation des immobilisations selon OCP;;;
4_KTR.csv;ktr;KTR Kostenträger;Objet de coûts;Healthcare Cost Object;98;KTR_44_REKOLE;KTR_44_REKOLE;ktr_44_rekole;numeric;0;44 Anlagenutzungskosten nach REKOLE/SwissDRG;44 Coûts d’utilisation des immobilisations selon REKOLE®/SwissDRG;;;
4_KTR.csv;ktr;KTR Kostenträger;Objet de coûts;Healthcare Cost Object;99;KTR_KOSTEN_65;KTR_KOSTEN_65;ktr_kosten_65;numeric;0;Kosten von Leistungen an Patienten zu Erlösen Kt.gr. 65 (falls ermittelt);Coûts des prestations aux patients, pour les produits du groupe de comptes 65 (si définis);;;
4_KTR.csv;ktr;KTR Kostenträger;Objet de coûts;Healthcare Cost Object;100;KTR_LE_AMBULANT;KTR_LE_AMBULANT;ktr_le_ambulant;numeric;0;Anzahl Leistungseinheiten ambulant;Nombre d’unités de prestations ambulatoires;;;
4_KTR.csv;ktr;KTR Kostenträger;Objet de coûts;Healthcare Cost Object;101;KTR_METHODIK;KTR_METHODIK;ktr_methodik;spigesint;0;Methodik der Kostenermittlung;Méthode de détermination des coûts;;;
4_KTR.csv;ktr;KTR Kostenträger;Objet de coûts;Healthcare Cost Object;102;ITARK_SPALTE;ITARK_SPALTE;itark_spalte;character;0;Spalte in ITAR_K;Colonne dans ITAR_K;;;
4_KTR.csv;ktr;KTR Kostenträger;Objet de coûts;Healthcare Cost Object;103;TABELLE;TABELLE;;;0;ktr_fall / ktr_standort / ktr_unternehmen;ktr_fall / ktr_standort / ktr_unternehmen;;;
5_Diagnosen.csv;diag;;;;1;JAHR;JAHR;jahr;integer;1;Datenjahr;année des données;;;
5_Diagnosen.csv;diag;;;;2;ENT_ID;ENT_ID;ent_id;integer;1;Unternehmensnummer ENT-ID;Numéro de l’entreprise ID ENT;;;
5_Diagnosen.csv;diag;;;;3;BURNR;BURNR;standort_id;integer;1;Hauptstandort;Site principal;;;
5_Diagnosen.csv;diag;;;;4;FALL_ID_CH;FALL_ID_CH_ANONYM;fall_id_ch;character;0;Schweizweit eindeutige Fallnummer anonymisiert;Numéro de cas clair pour toute la Suisse anonymisé;;;
5_Diagnosen.csv;diag;;;;5;FALL_ID;FALL_ID_ANONYM;fall_id_spital;character;1;Eindeutiger Identifikator des Falls anonymisiert;Identificateur unique du cas anonymisé;;;
5_Diagnosen.csv;diag;;;;6;DIAGNOSE_ID;DIAGNOSE_ID;diagnose_id;integer;0;Rang der Diagnose;Classement du diagnostic;;;
5_Diagnosen.csv;diag;;;;7;DIAGNOSE_KODE;DIAGNOSE_KODE;diagnose_kode;character;0;Diagnosekode;Code diagnostic;;;
5_Diagnosen.csv;diag;;;;8;DIAGNOSE_SEITIGKEIT;DIAGNOSE_SEITIGKEIT;diagnose_seitigkeit;spigesint;0;Seitigkeit der Diagnose;Latéralité pour le diagnostic;;;
5_Diagnosen.csv;diag;;;;9;DIAGNOSE_POA;DIAGNOSE_POA;diagnose_poa;spigesint;0;Bei Eintritt vorhandenPOA (present on admission);Existant à l’admissionPOA (present on admission);;;
5_Diagnosen.csv;diag;;;;10;DIAGNOSE_ZUSATZ;DIAGNOSE_ZUSATZ;diagnose_zusatz;character;0;Zugehörige Diagnose;Diagnostic associé;;;
6_Behandlungen.csv;proc;;;;1;JAHR;JAHR;jahr;integer;1;Datenjahr;année des données;;;
6_Behandlungen.csv;proc;;;;2;ENT_ID;ENT_ID;ent_id;integer;1;Unternehmensnummer ENT-ID;Numéro de l’entreprise ID ENT;;;
6_Behandlungen.csv;proc;;;;3;BURNR;BURNR;standort_id;integer;1;Hauptstandort;Site principal;;;
6_Behandlungen.csv;proc;;;;4;FALL_ID_CH;FALL_ID_CH_ANONYM;fall_id_ch;character;0;Schweizweit eindeutige Fallnummer anonymisiert;Numéro de cas clair pour toute la Suisse anonymisé;;;
6_Behandlungen.csv;proc;;;;5;FALL_ID;FALL_ID_ANONYM;fall_id_spital;character;1;Eindeutiger Identifikator des Falls anonymisiert;Identificateur unique du cas anonymisé;;;
6_Behandlungen.csv;proc;;;;6;BEHANDLUNG_ID;BEHANDLUNG_ID;behandlung_id;integer;0;Behandlungs ID;ID du traitement;;;
6_Behandlungen.csv;proc;;;;7;BEHANDLUNG_CHOP;BEHANDLUNG_CHOP;behandlung_chop;character;0;Behandlungskode;Code de traitement;;;
6_Behandlungen.csv;proc;;;;8;BEHANDLUNG_SEITIGKEIT;BEHANDLUNG_SEITIGKEIT;behandlung_seitigkeit;spigesint;0;Seitigkeit der Behandlung;Latéralité pour le traitement;;;
6_Behandlungen.csv;proc;;;;9;BEHANDLUNG_BEGINN;BEHANDLUNG_BEGINN_ANONYM;behandlung_beginn;character;0;Beginn der Behandlung;Début du traitement;;;
6_Behandlungen.csv;proc;;;;10;BEHANDLUNG_AUSWAERTS;BEHANDLUNG_AUSWAERTS;behandlung_auswaerts;spigesint;0;Ambulante Behandlungen auswärts;Traitements ambulatoires extra-muros;;;
6_Behandlungen.csv;proc;;;;11;BEHANDLUNG_BUR;BEHANDLUNG_BUR;behandlung_bur;integer;0;Standort BUR der Behandlung;REE du site de traitement;;;
7_Operierende.csv;operierende;Behandelnde Fachperson;Professionnel de santé exécutant;Operator;1;JAHR;;jahr;integer;1;Datenjahr;année des données;;;
7_Operierende.csv;operierende;Behandelnde Fachperson;Professionnel de santé exécutant;Operator;2;ENT_ID;;ent_id;integer;1;Unternehmensnummer ENT-ID;Numéro de l’entreprise ID ENT;;;
7_Operierende.csv;operierende;Behandelnde Fachperson;Professionnel de santé exécutant;Operator;3;BURNR;;standort_id;integer;1;Hauptstandort;Site principal;;;
7_Operierende.csv;operierende;Behandelnde Fachperson;Professionnel de santé exécutant;Operator;4;FALL_ID_CH;;fall_id_ch;character;0;Schweizweit eindeutige Fallnummer anonymisiert;Numéro de cas clair pour toute la Suisse anonymisé;;;
7_Operierende.csv;operierende;Behandelnde Fachperson;Professionnel de santé exécutant;Operator;5;FALL_ID;;fall_id_spital;character;1;Eindeutiger Identifikator des Falls anonymisiert;Identificateur unique du cas anonymisé;;;
7_Operierende.csv;operierende;Behandelnde Fachperson;Professionnel de santé exécutant;Operator;6;BEHANDLUNG_ID;;behandlung_id;integer;0;Behandlungs ID;ID du traitement;;;
7_Operierende.csv;operierende;Behandelnde Fachperson;Professionnel de santé exécutant;Operator;7;OP_GLN;;op_gln;integer;0;GLN-Nummer der Operateurin/des Operateurs der Behandlung;Numéro GLN de la personne qui opère pour le traitement;;;
7_Operierende.csv;operierende;Behandelnde Fachperson;Professionnel de santé exécutant;Operator;8;OP_LISTE;;op_liste;spigesint;0;Auf Liste Kanton;Sur la liste du canton;;;
7_Operierende.csv;operierende;Behandelnde Fachperson;Professionnel de santé exécutant;Operator;9;OP_ROLLE;;op_rolle;spigesint;0;Rolle der Operierenden in der OP;Rôle de la personne qui opère en salle d’opération;;;
8_Medikamente.csv;medi;;;;1;JAHR;JAHR;jahr;integer;1;Datenjahr;année des données;;;
8_Medikamente.csv;medi;;;;2;ENT_ID;ENT_ID;ent_id;integer;1;Unternehmensnummer ENT-ID;Numéro de l’entreprise ID ENT;;;
8_Medikamente.csv;medi;;;;3;BURNR;BURNR;standort_id;integer;1;Hauptstandort;Site principal;;;
8_Medikamente.csv;medi;;;;4;FALL_ID_CH;FALL_ID_CH_ANONYM;fall_id_ch;character;0;Schweizweit eindeutige Fallnummer anonymisiert;Numéro de cas clair pour toute la Suisse anonymisé;;;
8_Medikamente.csv;medi;;;;5;FALL_ID;FALL_ID_ANONYM;fall_id_spital;character;1;Eindeutiger Identifikator des Falls anonymisiert;Identificateur unique du cas anonymisé;;;
8_Medikamente.csv;medi;;;;6;MEDI_ID;MEDI_ID;medi_id;integer;0;Medikamente ID;ID du médicament;;;
8_Medikamente.csv;medi;;;;7;MEDI_ATC;MEDI_ATC;medi_atc;character;0;ATC-kode des Arzneimittels;Code ATC du médicament;;;
8_Medikamente.csv;medi;;;;8;MEDI_ZUSATZ;MEDI_ZUSATZ;medi_zusatz;character;0;Zusatzangaben;Indications supplémentaires;;;
8_Medikamente.csv;medi;;;;9;MEDI_VERABREICHUNGSART;MEDI_VERABREICHUNGSART;medi_verabreichungsart;spigeschar;0;Verabreichungsart;Mode d’administration;;;
8_Medikamente.csv;medi;;;;10;MEDI_DOSIS;MEDI_DOSIS;medi_dosis;numeric;0;Dosis;Dosage;;;
8_Medikamente.csv;medi;;;;11;MEDI_EINHEIT;MEDI_EINHEIT;medi_einheit;spigeschar;0;Masseinheit;Unité de mesure;;;
9_Rechnung.csv;rechnung;Rechnung;Facture;Bill;1;JAHR;;jahr;integer;1;Datenjahr;année des données;;;
9_Rechnung.csv;rechnung;Rechnung;Facture;Bill;2;ENT_ID;;ent_id;integer;1;Unternehmensnummer ENT-ID;Numéro de l’entreprise ID ENT;;;
9_Rechnung.csv;rechnung;Rechnung;Facture;Bill;3;BURNR;;standort_id;integer;1;Hauptstandort;Site principal;;;
9_Rechnung.csv;rechnung;Rechnung;Facture;Bill;4;FALL_ID_CH;;fall_id_ch;character;0;Schweizweit eindeutige Fallnummer anonymisiert;Numéro de cas clair pour toute la Suisse anonymisé;;;
9_Rechnung.csv;rechnung;Rechnung;Facture;Bill;5;FALL_ID;;fall_id_spital;character;1;Eindeutiger Identifikator des Falls anonymisiert;Identificateur unique du cas anonymisé;;;
9_Rechnung.csv;rechnung;Rechnung;Facture;Bill;6;RECH_ID;;rech_id;integer;0;Rechnungs ID;ID de la facture;;;
9_Rechnung.csv;rechnung;Rechnung;Facture;Bill;7;RECH_KOSTENTRAEGER;;rech_kostentraeger;spigesint;0;Kostenträger;Unité finale d’imputation;;;
9_Rechnung.csv;rechnung;Rechnung;Facture;Bill;8;RECH_VERSICHERER;;rech_versicherer;integer;0;Versicherer;Assurances;;;
9_Rechnung.csv;rechnung;Rechnung;Facture;Bill;9;RECH_UNFALLNR;;rech_unfallnr;character;0;Unfallnummer;Numéro d’accident;;;
9_Rechnung.csv;rechnung;Rechnung;Facture;Bill;10;RECH_BETRAG;;rech_betrag;numeric;0;Betrag;Montant;;;
9_Rechnung.csv;rechnung;Rechnung;Facture;Bill;11;RECH_TARIFTYP;;rech_tariftyp;integer;0;Tariftyp;Type de tarif;;;
9_Rechnung.csv;rechnung;Rechnung;Facture;Bill;12;RECH_TARIFCODE;;rech_tarifcode;character;0;Tarifziffer;Code de tarification;;;
9_Rechnung.csv;rechnung;Rechnung;Facture;Bill;13;RECH_EXT_FAKTOR;;rech_ext_faktor;numeric;0;äusserer Faktor;Facteur extérieur;;;
9_Rechnung.csv;rechnung;Rechnung;Facture;Bill;14;RECH_BASISPREIS;;rech_basispreis;numeric;0;Basispreis;Prix de base;;;
9_Rechnung.csv;rechnung;Rechnung;Facture;Bill;15;RECH_EINHEIT;;rech_einheit;numeric;0;Einheit;Unité;;;
9_Rechnung.csv;rechnung;Rechnung;Facture;Bill;16;RECH_MENGE;;rech_menge;numeric;0;Menge;Quantité;;;
10_Patientenbewegung.csv;episode;;;;1;JAHR;JAHR;jahr;integer;1;Datenjahr;année des données;;;
10_Patientenbewegung.csv;episode;;;;2;ENT_ID;ENT_ID;ent_id;integer;1;Unternehmensnummer ENT-ID;Numéro de l’entreprise ID ENT;;;
10_Patientenbewegung.csv;episode;;;;3;BURNR;BURNR;standort_id;integer;1;Hauptstandort;Site principal;;;
10_Patientenbewegung.csv;episode;;;;4;FALL_ID_CH;FALL_ID_CH_ANONYM;fall_id_ch;character;0;Schweizweit eindeutige Fallnummer anonymisiert;Numéro de cas clair pour toute la Suisse anonymisé;;;
10_Patientenbewegung.csv;episode;;;;5;FALL_ID;FALL_ID_ANONYM;fall_id_spital;character;1;Eindeutiger Identifikator des Falls anonymisiert;Identificateur unique du cas anonymisé;;;
10_Patientenbewegung.csv;episode;;;;6;EPISODE_ID;EPISODE_ID;episode_id;integer;0;Eindeutiger numerischer Identifikator der Episode;Identificateur numerique unique de l’épisode;;;
10_Patientenbewegung.csv;episode;;;;7;EPISODE_BEGINN;EPISODE_BEGINN_ANONYM;episode_beginn;character;0;Beginn der Episode;Début de l’épisode;;;
10_Patientenbewegung.csv;episode;;;;8;EPISODE_ENDE;EPISODE_ENDE_ANONYM;episode_ende;character;0;Ende der Episode;Fin de l’épisode;;;
10_Patientenbewegung.csv;episode;;;;9;EPISODE_ART;EPISODE_ART;episode_art;spigesint;0;Art der Episode;Type d’épisode;;;
10_Patientenbewegung.csv;episode;;;;10;BURNR_EPISODE;BURNR_EPISODE;standort_id_episode;integer;0;Aufenthalt während Episode;Séjour pendant l’épisode;;;
10_Patientenbewegung.csv;episode;;;;11;WIEDEREINTRITT_AUFENTHALT;WIEDEREINTRITT_AUFENTHALT;wiedereintritt_aufenthalt;spigesint;0;Aufenthaltsort nach dem Zwischenaustritt;Site du séjour après la sortie intermédiaire;;;
10_Patientenbewegung.csv;episode;;;;12;GRUND_WIEDEREINTRITT;GRUND_WIEDEREINTRITT;grund_wiedereintritt;spigesint;0;Grund des Wiedereintrittes;Raison de la réadmission;;;
20_Grouper.csv;sdrg_grouper;;;;1;JAHR;JAHR;jahr;integer;1;Datenjahr;année des données;;;
20_Grouper.csv;sdrg_grouper;;;;2;ENT_ID;ENT_ID;ent_id;integer;1;Unternehmensnummer ENT-ID;Numéro de l’entreprise ID ENT;;;
20_Grouper.csv;sdrg_grouper;;;;3;UID;UID;uid;character;0;Unternehmens-Identifikationsnummer UID;Numéro d’identification des entreprises DIE;;;
20_Grouper.csv;sdrg_grouper;;;;4;BURNR_GESV;BURNR_GESV;spital_id;integer;0;BUR-Nummer GESV;Numéro REE GESV;;;
20_Grouper.csv;sdrg_grouper;;;;5;BURNR;BURNR;standort_id;integer;1;Hauptstandort;Site principal;;;
20_Grouper.csv;sdrg_grouper;;;;6;FALL_ID_CH;FALL_ID_CH_ANONYM;fall_id_ch;character;0;Schweizweit eindeutige Fallnummer anonymisiert;Numéro de cas clair pour toute la Suisse anonymisé;;;
20_Grouper.csv;sdrg_grouper;;;;7;FALL_ID;FALL_ID_ANONYM;fall_id_spital;character;1;Eindeutiger Identifikator des Falls anonymisiert;Identificateur unique du cas anonymisé;;;
20_Grouper.csv;sdrg_grouper;;;;8;DRG;DRG;drg;character;0;;;contains DRG or RCG or PCG;;
20_Grouper.csv;sdrg_grouper;;;;9;MDC;MDC;mdc;character;0;;;major diagnostic category;;
20_Grouper.csv;sdrg_grouper;;;;10;ECW;ECW;ecw;numeric;0;;;effective cost weight;;
20_Grouper.csv;sdrg_grouper;;;;11;ECWD;ECWD;ecwd;numeric;0;;;daily ecw;;
20_Grouper.csv;sdrg_grouper;;;;12;LOS;LOS;los;integer;0;;;length of stay;;
20_Grouper.csv;sdrg_grouper;;;;13;AD;AD;ad;integer;0;;;age_days;;
20_Grouper.csv;sdrg_grouper;;;;14;AY;AY;ay;integer;0;;;age_years;;
20_Grouper.csv;sdrg_grouper;;;;15;GST;GST;gst;;0;;;grouper status;;
20_Grouper.csv;sdrg_grouper;;;;16;CF;CF;cf;;0;;;case flag;;
20_Grouper.csv;sdrg_grouper;;;;17;PCCL;PCCL;pccl;;0;;;Patient Clinical Complexity Level;;
20_Grouper.csv;sdrg_grouper;;;;18;GSEX;GSEX;gsex;;0;;;status flag for sex;;
20_Grouper.csv;sdrg_grouper;;;;19;GAGE;GAGE;gage;;0;;;status flag for age;;
20_Grouper.csv;sdrg_grouper;;;;20;SEP;SEP;sep;;0;;;separation mode;;
20_Grouper.csv;sdrg_grouper;;;;21;ADM;ADM;adm;;0;;;admission mode;;
20_Grouper.csv;sdrg_grouper;;;;22;GSEP;GSEP;gsep;;0;;;status flag for sep mode;;
20_Grouper.csv;sdrg_grouper;;;;23;GADM;GADM;gadm;;0;;;status flag for adm mode;;
20_Grouper.csv;sdrg_grouper;;;;24;GHMV;GHMV;ghmv;;0;;;status flag for ventilation hours;;
20_Grouper.csv;sdrg_grouper;;;;25;PHS;PHS;phs;;0;;;RCG phase: on of 1, 2, 3;;
20_Grouper.csv;sdrg_grouper;;;;26;PSL;PSL;psl;;0;;;patient severity level;;
20_Grouper.csv;sdrg_grouper;;;;27;ZE_TOTAL_AMOUNT;ZE_TOTAL_AMOUNT;ze_total_amount;;0;;;;;
20_Grouper.csv;sdrg_grouper;;;;28;TARIFF;TARIFF;tariff;;0;Tarif für die Abrechnung;Tarif pour la facturation;;;
21_Supplement.csv;sdrg_addon;Zusatzentgelt (SwissDRG);Paiement additionnel (SwissDRG);SwissDRG Add-on Payment;1;JAHR;JAHR;jahr;integer;1;Datenjahr;année des données;;;
21_Supplement.csv;sdrg_addon;Zusatzentgelt (SwissDRG);Paiement additionnel (SwissDRG);SwissDRG Add-on Payment;2;ENT_ID;ENT_ID;ent_id;integer;1;Unternehmensnummer ENT-ID;Numéro de l’entreprise ID ENT;;;
21_Supplement.csv;sdrg_addon;Zusatzentgelt (SwissDRG);Paiement additionnel (SwissDRG);SwissDRG Add-on Payment;3;BURNR;BURNR;standort_id;character;1;Hauptstandort;Site principal;;;
21_Supplement.csv;sdrg_addon;Zusatzentgelt (SwissDRG);Paiement additionnel (SwissDRG);SwissDRG Add-on Payment;4;FALL_ID_CH;FALL_ID_CH_ANONYM;fall_id_ch;character;0;Schweizweit eindeutige Fallnummer anonymisiert;Numéro de cas clair pour toute la Suisse anonymisé;;;
21_Supplement.csv;sdrg_addon;Zusatzentgelt (SwissDRG);Paiement additionnel (SwissDRG);SwissDRG Add-on Payment;5;FALL_ID;FALL_ID_ANONYM;fall_id_spital;character;1;Eindeutiger Identifikator des Falls anonymisiert;Identificateur unique du cas anonymisé;;;
21_Supplement.csv;sdrg_addon;Zusatzentgelt (SwissDRG);Paiement additionnel (SwissDRG);SwissDRG Add-on Payment;6;ZE_ID;ZE_ID;ze_id;character;0;;;"name of supplement (""ZE"")";;
21_Supplement.csv;sdrg_addon;Zusatzentgelt (SwissDRG);Paiement additionnel (SwissDRG);SwissDRG Add-on Payment;7;ZE_CODE;ZE_CODE;ze_code;character;0;;;Code (CHOP or ATC) that triggered this supplement;;
21_Supplement.csv;sdrg_addon;Zusatzentgelt (SwissDRG);Paiement additionnel (SwissDRG);SwissDRG Add-on Payment;8;ZE_AMOUNT;ZE_AMOUNT;ze_amount;numeric;0;;;Amount of this supplement, according to corresponding DRG catalog;;
